chapter_number,ideas
1,"['The key ideas, concepts, and principles presented in the text are:', '', '1. The pursuit of wealth and material possessions does not lead to true happiness: The author observes that the man they were talking to, Mark, had acquired wealth and material possessions but had not found happiness. Seneca and Thoreau are referenced as cautioning against mistaking the acquisition of things for true happiness. The significance of this idea is that true happiness is not found in external factors, such as wealth or possessions, but rather in internal fulfillment and purpose.', '', '2. The difference between the New Rich and the Deferrers: The author argues that the New Rich, characterized by having options and a different approach to life, prioritize different goals compared to the Deferrers. The New Rich prioritize freedom, flexibility, and pursuing their passions, while the Deferrers prioritize traditional notions of success such as wealth accumulation and retirement. This difference in priorities has implications for the lifestyle and choices of individuals.', '', ""3. The pursuit of happiness as the ultimate goal: The author emphasizes that the ultimate goal in life should not be money or prestige, but happiness. Many people sacrifice their own happiness in pursuit of societal ideals of success or by following predetermined paths. The author encourages readers to find and pursue their passions, even if it seems unconventional or difficult. The significance of this idea is that true fulfillment comes from aligning one's life with their passions and values, rather than chasing external markers of success."", '', '4. Options and freedom as sources of power: The author argues that controlling one\'s time, location, and actions gives individuals true power and freedom. They introduce the concept of a ""freedom multiplier,"" where money\'s value is determined by the options and choices it affords. Having control over one\'s life and being able to make choices is more empowering than simply accumulating wealth or working long hours. The significance of this idea is that individuals can create a more fulfilling and empowered life by prioritizing freedom and options over traditional measures of success or wealth.', '', '5. Rewriting assumptions and changing the rules: The author encourages readers to challenge assumptions, particularly those related to work, success, and lifestyle. They advocate for replacing traditional notions of success with new approaches that prioritize personal fulfillment, lifestyle design, and unconventional paths. By changing the rules and challenging established norms, individuals can create a life that aligns with their values and aspirations.', '', '6. Taking risks and pursuing dreams: The text presents examples of individuals who took risks and pursued their dreams, even if it meant unconventional paths or lifestyle choices. These individuals prioritize their passions, personal growth, and experiences over traditional markers of success. The significance of this idea is that individuals can find fulfillment by taking risks and pursuing their dreams, even if it means going against societal expectations or established norms.', '', 'Overall, the key ideas in the text emphasize the importance of pursuing happiness, challenging traditional notions of success, prioritizing freedom and options, and taking risks to create a fulfilling and unconventional life.']"
8,"['In this text, the author presents several key ideas and principles. ', '', '1. Pushing the boundaries of ethics within the rules: The author shares his experience in winning matches in a fighting competition by using technicalities and pushing opponents off the elevated platform. He emphasizes that this is not unethical but rather doing the uncommon within the rules.', '', '2. Challenging the status quo: The author encourages readers to question conventional wisdom and challenge the status quo. He gives examples of how he found alternative approaches to achieve his goals, such as avoiding gatekeepers in sales by making calls during unconventional times.', '', '3. Retirement as worst-case-scenario insurance: The author argues that retirement should be viewed as a hedge against the worst-case scenario of being physically incapable of working, rather than a goal or final redemption. He suggests that focusing on extraordinary goals and dreams outside of money can lead to a more fulfilling life.', '', '4. Maximizing output (money) while minimizing required inputs (time): The author emphasizes the importance of reducing the amount of time necessary to achieve financial goals and maximize productivity. He challenges the traditional notion of working long hours for several decades and instead proposes the concept of ""mini-retirements"" throughout life.', '', ""5. Emphasizing strengths over weaknesses: The author suggests that focusing on leveraging one's strengths, rather than trying to fix all weaknesses, is more lucrative and enjoyable. He encourages readers to prioritize their natural talents and abilities in order to achieve better results."", '', '6. The concept of excess: The author asserts that excessive quantities of anything, whether it be possessions or time, can take on the characteristics of their opposite. He argues for a balance between idle time and using free time for meaningful activities.', '', '7. Relative income: The author introduces the concept of relative income, which takes into account both the amount of money earned and the time invested. He argues that relative income is a better measure of wealth and success than absolute income, which is solely based on the amount of money earned.', '', '8. Eustress vs. distress: The author differentiates between eustress, which is healthy stress that stimulates growth, and distress, which is harmful stress that weakens and hinders progress. He highlights the importance of embracing eustress and avoiding distress in order to achieve personal growth and success.', '', 'Overall, the key ideas presented by the author revolve around challenging conventional wisdom, maximizing productivity and fulfillment, and embracing alternative approaches to achieve goals.']"
15,"['Key Ideas:', '', '1. Taking action is necessary for happiness: The author emphasizes the importance of taking action in order to find happiness. He shares his personal experience of feeling miserable despite having financial success. He decides to take a sabbatical year and realizes that defining his worst-case scenario and taking steps to salvage his resources diminishes his fears. He realizes that the risks are minimal compared to the potential life-changing benefits.', '', '2. Fear disguised as optimism: The author suggests that sometimes people hide their fear behind optimistic denial. They convince themselves that things will get better without taking any action. He encourages facing fears and taking bold action, even if it is uncomfortable. He asks readers to assess their progress and question if they are better off than they were previously.', '', '3. There is no difference between pessimism and optimism if no action is taken: The author quotes the founder of Patagonia, Yvon Chouinard, who believes that there is no difference between a pessimist who does not take action and an optimist who does not take any action. He highlights the importance of facing fears and taking bold action instead of waiting for circumstances to improve.', '', '4. Appreciating what is truly essential for happiness: The author shares the story of Jean-Marc Hachey, who survived in Ghana during a time of unrest and scarcity. Jean-Marc learns to appreciate the simple pleasures and realizes that many things are not as serious as they are made out to be. Jean-Marc, now living a comfortable life, values experiences over material possessions and is unafraid of uncertainty.', '', '5. Overcoming fear by defining nightmares and taking action: The author suggests that to overcome fear, one should define their worst-case scenario and make a plan to repair the damage or get back on track. He encourages readers to take action, face uncomfortable conversations, and fearlessly pursue the things that excite them.', '', ""6. The cost of inaction: The author urges readers to evaluate the cost of postponing action financially, emotionally, and physically. He emphasizes that inaction and allowing circumstances to control one's life can lead to disappointment and regret. He argues that the greatest risk is not taking action."", '', '7. Being unreasonable and taking action: The author quotes Lewis Carroll\'s ""Alice in Wonderland"" to highlight the importance of knowing where one wants to go in order to take the necessary steps to get there. He encourages readers to be unreasonable and persistent in their pursuit of their goals, as progress depends on the unreasonable.']"
21,"['Key Ideas:', '', '1. Thinking outside the box: The author challenges students to think outside the box and take on a difficult challenge that forces them to step out of their comfort zones. The challenge is to contact three high-profile individuals and get them to respond to three questions. The author highlights the importance of thinking big and not underestimating oneself. The author emphasizes that it is easier to achieve unreasonable and unrealistic goals because they provide the motivation and endurance to overcome challenges.', '', '2. Adult-Onset ADD: The author describes a phenomenon called ""Adult-Onset ADD"" where people are discouraged from pursuing their dreams and are advised to be realistic and settle for mediocre goals. This mindset can lead to boredom and a lack of motivation. The author encourages readers to reject this mindset and pursue their passions and dreams.', '', '3. Dreamlining: Dreamlining is a process that the author uses to set specific and unrealistic goals that will excite and motivate them. The author encourages readers to create timelines and list their dreams in the categories of having, being, and doing. By setting unrealistic goals and taking the necessary actions, one can create an exciting and fulfilling life.', '', '4. Comfort Challenge: The author encourages readers to push past their comfort zones by engaging in uncomfortable activities. This could include making eye contact with strangers or eliminating unnecessary tasks and focusing on the most important actions. The author highlights the importance of simplicity and eliminating distractions in order to achieve success.', '', ""5. The end of time management: The author challenges the notion of time management and argues that it is more important to focus on the quality and impact of one's actions rather than trying to do more in each day. The author encourages readers to prioritize and eliminate unnecessary tasks in order to achieve simplicity and efficiency in their work.""]"
33,"['1. The concept of ""elimination"": The author emphasizes the importance of eliminating unnecessary tasks and activities in order to increase personal productivity. They argue that by focusing on the important few and ignoring the rest, individuals can accomplish more by doing less. This concept is significant as it challenges the notion of busyness and encourages individuals to prioritize their tasks effectively.', '', ""2. The 80/20 Principle: The author introduces the concept of the 80/20 Principle or Pareto's Law, which suggests that 80% of the outputs result from 20% of the inputs. This principle can be applied in various areas such as income distribution, productivity, and customer base. By identifying the 20% of inputs that lead to the desired outcomes, individuals can maximize their productivity and efficiency."", '', '3. Different goals for employees and entrepreneurs: The author highlights that increasing productivity has different goals for employees and entrepreneurs. For employees, increased productivity can lead to negotiating leverage for advancement and salary raises. On the other hand, for entrepreneurs, it enables them to grow their business and increase profits. This distinction is relevant as it emphasizes the importance of aligning productivity goals with individual circumstances and aspirations.', '', '4. Effectiveness vs. Efficiency: The author distinguishes between effectiveness and efficiency. While efficiency focuses on performing tasks in a most economical manner, effectiveness is about doing the things that bring individuals closer to their goals. The author suggests that effectiveness should be prioritized over efficiency, as being efficient without regard to effectiveness leads to unimportant tasks and wasted time.', '', ""5. The illusion of the 9-5 work schedule: The author challenges the traditional 9-5 work schedule and argues that it is arbitrary and can be limiting. They propose that individuals can achieve substantial results by working fewer hours and focusing on the important tasks. By applying concepts like Parkinson's Law, which states that a task will expand to fill the time allotted for its completion, individuals can increase their productivity and have more time for personal pursuits."", '', '6. Proposing solutions instead of seeking opinions: The author encourages individuals to take initiative and propose solutions rather than seeking opinions and engaging in endless discussions. By making decisions and taking action, individuals can become more productive and efficient in their personal and professional lives.', '', '7. Practicing selective ignorance: The author introduces the concept of the ""Low-Information Diet"" and advocates for cultivating selective ignorance. They argue that excessive consumption of information can lead to a poverty of attention and a need to allocate attention efficiently. By filtering out unnecessary information and focusing on the essential, individuals can avoid information overload and prioritize their time effectively.', '', ""These key ideas and concepts underscore the importance of prioritization, goal-setting, and focus in increasing personal productivity and achieving desired outcomes. By eliminating unnecessary tasks, embracing effectiveness over efficiency, and applying principles like the 80/20 Principle and Parkinson's Law, individuals can accomplish more by doing less and create a more balanced and fulfilling lifestyle.""]"
46,"['The key idea presented in this text is the concept of cultivating selective ignorance. The author suggests that in order to be more productive and focused, individuals should learn to ignore or redirect information and interruptions that are irrelevant, unimportant, or unactionable. He argues that most information is time-consuming, negative, irrelevant to our goals, and outside of our influence. By developing a low-information diet and selectively choosing what information to consume, individuals can free up mental space and energy for more important tasks and priorities.', '', 'The significance of this idea lies in the fact that we live in a world saturated with information. The constant influx of news, notifications, and distractions can easily overwhelm and distract us from what truly matters. By consciously choosing information sources and limiting our consumption, we can regain control over our time and attention. This selective ignorance allows us to focus on what is truly relevant and meaningful to us, leading to increased productivity and satisfaction.', '', 'Another important idea presented in the text is the importance of relying on trusted sources and people for information instead of trying to consume everything ourselves. The author shares examples of how he gathers information for important decisions or tasks by reaching out to informed friends or experts. By leveraging the knowledge and expertise of others, we can save time, avoid information overload, and make more informed decisions.', '', 'The text also introduces techniques for improving reading speed and comprehension, such as using a visual guide while reading, focusing on key words, and practicing speed reading with good technique. These techniques can help individuals read faster and more efficiently, allowing them to digest information quickly and move on to other tasks.', '', 'Overall, the key ideas presented in this text revolve around the importance of cultivating selective ignorance, relying on trusted sources for information, and adopting strategies to increase reading speed and comprehension. These ideas can help individuals become more productive, focused, and efficient in managing their time and attention in an information-saturated world.']"
52,"['The key concept that the author presents in this text is the idea of eliminating distractions and time wasters in order to focus on what is truly important. The author identifies three primary culprits of distractions: time wasters, time consumers, and time demanders.', '', '1. Time wasters refer to activities that can be ignored without consequence, such as unimportant meetings, discussions, web surfing, and emails. The author suggests limiting access to these distractions and funneling communication toward immediate action.', '', '2. Time consumers are monotonous tasks or requests that require attention and frequently interfere with high-level work. Examples include reading and responding to emails, making phone calls, and customer service tasks. The author suggests batching similar tasks together and setting dedicated times to check and respond to emails.', '', '3. Time demanders are emergent tasks that genuinely require immediate attention, such as critical client issues or policy changes. The author suggests managing personal errands, repetitive actions, and tasks through delegation or empowering others to make decisions independently.', '', 'The author provides specific strategies for each type of distraction. For time wasters, the author suggests implementing autoresponses for emails, setting aside specific times for phone calls, and using virtual assistants to screen calls and emails. For time consumers, the author suggests setting specific times to check and respond to emails, using filters to prioritize important emails, and unsubscribing from unnecessary newsletters. For time demanders, the author suggests mastering the art of refusal and avoiding unnecessary meetings, setting clear objectives and end times for meetings, and empowering others to make decisions independently.', '', 'The author also emphasizes the importance of establishing boundaries and avoiding interruptions. Strategies for this include using headphones or pretending to be on the phone to signal focus, setting clear boundaries with phone calls, and mastering the art of refusal with unnecessary requests.', '', 'Furthermore, the author introduces the concept of empowerment failure, which refers to being unable to accomplish a task without obtaining permission or information. The author suggests empowering employees or contractors with access to necessary information and decision-making abilities to reduce micromanagement and increase productivity.', '', 'Finally, the author provides various tools and tricks to help eliminate distractions and increase productivity, such as using apps like Evernote for capturing and organizing information, using services like GrandCentral and YouMail to screen and manage phone calls, and using tools like Doodle and TimeDriver to simplify scheduling.', '', 'Overall, the key ideas presented in this text revolve around the importance of eliminating distractions, prioritizing tasks, setting boundaries, and empowering others to increase productivity and focus on what is truly important.']"
70,"['Key Ideas:', '', '1. Outsourcing can be applied to various industries and tasks. The author explores the idea of outsourcing tasks, even low-end and personal ones, as a trend that is transforming various industries in America.', '', '2. Virtual assistants can be hired to help with tasks and provide support. The author shares his experience of hiring virtual assistants from companies based in India, such as Brickwork and Your Man in India, to assist with tasks related to his work and personal life. These virtual assistants can handle a range of tasks, including research, scheduling, purchasing items, and more.', '', '3. Outsourcing tasks can save time, improve efficiency, and increase productivity. The author highlights the benefits of outsourcing tasks, such as saving time, allowing for tasks to be completed while sleeping or not awake, and having a support team to handle various responsibilities.', '', '4. Delegating tasks requires effective communication and clear instructions. The author emphasizes the importance of clear communication and concise instructions when delegating tasks to virtual assistants. The author shares examples of miscommunication and the need for clarity to improve the outcome of tasks.', '', '5. Security and confidentiality should be considered when outsourcing tasks. The author acknowledges the concerns regarding the misuse of confidential and financial information. The author recommends taking precautions, such as not using debit cards for online transactions, creating unique logins for virtual assistant access to websites, and choosing established firms with strict security measures.', '', '6. Delegation and automation are essential for lifestyle design. The author introduces the concept of delegation as a step towards lifestyle design and achieving the New Rich. Delegation involves building a system to replace oneself and utilizing virtual assistants to handle tasks, thereby freeing up time for more important and enjoyable activities.', '', '7. Virtual assistants can be hired from various sources. The author provides a list of resources and platforms where virtual assistants can be hired, including international directories, freelance marketplaces like Elance, and specialized companies based in India.', '', '8. The importance of clear communication and feedback. The author advises being clear and specific in task assignments, giving feedback to virtual assistants, and adjusting instructions or approaches based on the results to improve the working relationship and outcomes.', '', '9. Synchronization and coordination are important for effective delegation. The author suggests using calendar-sharing tools and developing effective communication channels to synchronize and coordinate tasks with virtual assistants.', '', '10. Automation is a key aspect of lifestyle design. The author introduces the concept of automation as a way to reduce input while increasing output. Automation involves leveraging technology and systems to streamline processes and reduce time spent on repetitive tasks.', '', '11. Finding a muse is crucial for income autopilot. The author mentions the importance of finding a muse, which refers to a product, business, or system that generates passive income and allows for a more automated and hands-off approach to earning money.', '', '12. Principles should guide methods. The author highlights the significance of principles in decision-making and problem-solving, suggesting that understanding principles enables individuals to develop effective methods and approaches. Principles act as a fundamental framework for success.']"
92,"['Key Ideas:', '', '1. Virtual companies: The author highlights the concept of virtual companies, where employees work remotely using technology to connect with each other and the company. These companies require no capital, infrastructure, and little overhead. They can be started quickly and run by a single individual or a group of people. The author emphasizes that virtual companies are the wave of the future.', '', ""2. Business model with minimal time investment: The author presents the example of Douglas Price, who runs Prosoundeffects.com, a business that sells sound libraries to audio professionals. Price's business model is designed to generate cash flow with minimal time investment. He uses drop-shipping to fulfill orders and automates the payment process. This allows him to make significant profits for just a few hours of work each week."", '', '3. Finding a niche market: The author advises readers to find an affordably reachable niche market for their product. By focusing on a specific market, it becomes easier to target customers, advertise effectively, and charge premium prices. The author suggests looking at personal experiences, hobbies, and interests to identify potential niche markets.', '', '4. Creating information products: The author recommends creating information products as a low-cost and quickly produced option. Information products, such as ebooks, online courses, or instructional DVDs, have low manufacturing costs, are difficult to replicate, and can be sold at high markups. The author suggests repurposing existing content or licensing content from experts to create information products.', '', '5. Testing ideas before investing: The author emphasizes the importance of testing ideas on a small scale before investing significant time and money. This involves reaching out to mentors and experts for advice, establishing connections in the industry, and conducting market research. Testing the muse allows entrepreneurs to validate ideas and save them from potential failures.', '', '6. Establishing expertise: The author discusses ways to establish expertise in a particular field, such as joining trade organizations, reading relevant books, giving seminars or presentations, and writing articles for trade magazines. By positioning oneself as an expert, entrepreneurs can gain credibility and attract customers or opportunities.', '', ""7. Pricing and distribution considerations: The author advises setting prices at a level that allows for profitability while considering manufacturing costs, competition, and perceived value. The author also discusses the importance of choosing the right distribution channels, such as reselling existing products, licensing a product, or creating one's own product. Distributors and wholesalers are also mentioned as options for reaching a wider market."", '', 'Overall, the author emphasizes the importance of finding innovative ways to create and sell products, while also efficiently managing time and resources. The key ideas revolve around virtual companies, niche markets, testing ideas, and establishing expertise in order to generate cash flow with minimal time investment.']"
113,"[""1. To get an accurate indicator of commercial viability, don't ask people if they would buy - ask them to buy. The response to the second is the only one that matters. The approach of the NR reflects this."", '', 'This idea suggests that simply asking people whether they would buy a product is not an accurate indicator of its commercial viability. Instead, the author suggests that the best way to determine if a product is viable is by asking people to actually buy it. This approach focuses on real actions rather than hypothetical intentions, providing a more accurate measure of customer interest and willingness to purchase.', '', '2. Micro-testing involves using inexpensive advertisements to test consumer response to a product prior to manufacturing.', '', 'Micro-testing is a method that involves conducting small-scale tests with inexpensive advertisements to gauge consumer response to a product before investing in manufacturing. In the pre-internet era, this could be done through small classified ads in newspapers or magazines. In the internet era, there are more efficient and cost-effective tools available, such as Google AdWords. The goal of micro-testing is to gather data on consumer interest and response, which can then inform decisions about whether to proceed with manufacturing or make adjustments to the product.', '', '3. The basic test process consists of three parts: analyzing the competition, creating a compelling offer, and testing the offer using short-term advertisement campaigns.', '', 'The basic test process outlined by the author involves three steps. ', '', 'First, it is important to analyze the competition and identify ways to differentiate oneself from competitors. This can involve creating a more compelling offer, such as better selection, credibility indicators, guarantees, or free or faster shipping.', '', 'Second, it is essential to create a one- to three-page website or advertisement that emphasizes the differentiators and product benefits. This can include testimonials and images. ', '', 'Finally, the offer needs to be tested using short-term advertising campaigns, such as Google AdWords. This allows for the collection of data on consumer response, click-through rates, conversion rates, and cost-per-click. Based on the results, adjustments and decisions about manufacturing and rollout can be made.', '', 'These three steps are crucial for determining the viability and potential success of a product, as they provide valuable insights into consumer demand and preferences.', '', '4. It is important to use tools and software to track and analyze customer response, such as Google Analytics and A/B testing software.', '', 'To effectively test and analyze customer response, it is important to use tools and software that track and measure website traffic, conversion rates, click-through rates, and other important metrics. Google Analytics is a free tool that provides comprehensive data on website performance and visitor behavior. A/B testing software allows for the testing of different versions of a website or advertisement to see which performs better in terms of sales and customer response. By utilizing these tools, entrepreneurs can make data-driven decisions and optimize their marketing strategies.', '', '5. Automation and management by absence are key principles for achieving income autopilot.', '', 'The concept of automation is essential for achieving income autopilot. By automating various aspects of a business, such as marketing, sales, customer service, and order processing, entrepreneurs can reduce their own involvement and create systems that generate income without direct labor or time investment. This allows for greater freedom and flexibility. Management by absence refers to the idea of creating systems and processes that allow a business to run smoothly even when the entrepreneur is not physically present. By delegating tasks and empowering employees or contractors, the business can operate autonomously, providing the entrepreneur with more time and freedom. These principles are important for creating a scalable and sustainable business that can generate income without constant oversight.']"
129,"['The key ideas, concepts, or principles presented in the text are as follows:', '', '1. Building a self-correcting business architecture: The author emphasizes the importance of designing a business that runs itself, with minimal need for human intervention. This involves creating operational rules that enable employees to handle problems themselves, eliminating the need for constant managerial involvement. The goal is to create a process-driven business that does not depend solely on the founder or CEO.', '', '2. Removing the human element: The author suggests that one approach to managing employees is to eliminate the human element altogether. This contrasts with the conflicting advice given by other business leaders, such as Herb Kelleher who emphasizes the importance of putting employees first and creating a loving work environment, and Charles Revson who believes in running a business by being a ""bastard."" The author argues that by removing the human element and focusing on creating a self-correcting business architecture, the company can operate more efficiently and effectively.', '', ""3. The importance of merciful anonymity: The author references Ralph Ellison's statement about the power of hiding ourselves from one another as merciful anonymity. This idea is further supported by quotes from Henry Ward Beecher, who suggests that men are wild beasts and need protection from one another. The author implies that creating distance and anonymity in business can be beneficial, protecting individuals from potential harm and allowing for more objective decision-making."", '', ""4. Lifestyle design through outsourcing and automation: The author discusses the concept of lifestyle design, which involves creating a business that allows for freedom and flexibility in one's personal life. This can be achieved through outsourcing tasks and responsibilities to external companies or individuals, minimizing the need for personal involvement in the day-to-day operations of the business. The author provides suggestions and resources for finding and working with outsourcing companies in various areas such as fulfillment, call centers, credit card processing, and marketing."", '', '5. The importance of decision-making and simplification: The author emphasizes the need to make effective decisions and avoid the trap of constantly making too many decisions. Making too many decisions can lead to complexity and can hinder the growth and success of a business. The author suggests the concept of ""undecision,"" which involves minimizing the number of decisions customers need to make and simplifying the options and choices offered. This can reduce service overhead and increase customer satisfaction.', '', '6. Creating a professional image and perception: The author discusses the importance of projecting a professional image and perception in business. This can be achieved through various strategies, such as using virtual receptionists and voice menus, providing multiple email and phone contacts, and using mailing addresses that appear more professional. The author also suggests engaging in celebrity endorsements and leveraging relationships with retail and international distribution partners to enhance the credibility and success of the business.', '', ""Overall, the key ideas presented in the text revolve around the concepts of creating a self-sustaining and process-driven business, embracing anonymity and distance in business relationships, outsourcing and automating tasks for lifestyle design, simplifying decision-making processes, and projecting a professional image and perception in business. These ideas highlight the importance of efficient and effective business operations, while also considering personal freedom and flexibility in one's life.""]"
148,"['The key ideas presented in the text are:', '', '1. Remote work and flexible work arrangements are becoming more common and desirable for employees. The author highlights the case of Dave, who successfully proposed remote work to meet his girlfriend in China and eventually marry her. This example demonstrates that it is possible for employees to negotiate and request remote work options, even in traditional companies like Hewlett-Packard (HP). The significance of this idea is that employees have the opportunity to achieve work-life balance and pursue personal goals while still fulfilling their job responsibilities.', '', '2. The traditional concept of a ""middle class"" defined by stability and being bound to one place is shifting. The author argues that the new defining feature of the middle class is unrestricted mobility. This means that the ability to work remotely and have flexibility in location is becoming a valued characteristic of middle-class individuals. The implication is that companies are recognizing the benefits of remote work and are willing to offer it to employees, which leads to increased productivity and cost savings.', '', '3. The author introduces the concept of the ""hourglass approach"" as an alternative negotiation strategy for employees seeking remote work. This approach involves taking a longer period of absence from the office upfront to demonstrate the feasibility and benefits of remote work. By showcasing increased productivity and performance during this period, employees can negotiate for a shorter remote work trial initially and then gradually increase the amount of time spent working remotely. The significance of this approach is that it provides a structured method for employees to transition into remote work and gain the trust and support of their supervisors.', '', '4. The author emphasizes the importance of effective communication, thorough planning, and managing distractions in successfully implementing remote work. The example of Sherwood showcases how he strategically approached his boss with a proposal for remote work, highlighting the benefits to the company and outlining a trial period to test the arrangement. This demonstrates the significance of preparation and persuasion in convincing employers to allow remote work.', '', '5. The text also addresses the fears and concerns that both entrepreneurs and employees may have regarding remote work. It suggests that entrepreneurs may fear giving up control, while employees may fear taking control. The author encourages individuals to take responsibility for their work and pursue freedom in their professional lives. The implication is that remote work offers opportunities for individuals to take control of their careers and achieve a better work-life balance.', '', 'Overall, the key ideas presented in the text highlight the growing trend of remote work and flexible work arrangements, the changing expectations of the middle class, and the strategies and considerations involved in negotiating for remote work. These ideas suggest that remote work offers individuals the ability to pursue personal goals, achieve work-life balance, and increase productivity, while also presenting challenges that require effective communication, planning, and management of distractions.']"
159,"['Key ideas from the given text include:', '1. The importance of quitting and making good decisions: The author emphasizes that it is important to be able to quit things that are not working and make good decisions. They argue that staying in a bad job or situation can lead to a slow spiritual death. Pride should not prevent individuals from making necessary changes in their lives.', '2. The significance of defining goals and limits: The author compares going into a project or job without defining when it becomes wasteful to going into a casino without a gambling cap. They emphasize the importance of setting rules and boundaries from the beginning to avoid wasted time and resources.', '3. The distinction between complex and difficult situations: The author argues that most situations are simple, but people often find them emotionally difficult to act upon. They encourage individuals to overcome fear and make decisions based on evaluating the simple problem and solution.', '4. The opportunity to change and explore options: The author advises individuals to evaluate their resources and options before making career changes. They highlight that health insurance, retirement accounts, and resumes can all be managed and transferred in a seamless and straightforward manner. It is important to explore possibilities and not let fear limit the search for better opportunities.', '5. The power of mistakes and learning experiences: The author discusses two types of mistakes: mistakes of ambition and mistakes of sloth. They argue that mistakes made due to taking action and having incomplete information should be seen as learning experiences, while mistakes made due to refusing to change bad situations out of fear can have long-lasting negative consequences.', '6. The value of having more options: The author emphasizes the importance of having multiple options in order to have more power in negotiations and decision-making. They advise individuals not to wait until they are in desperate need of options to start searching for them.', '7. Tools and resources for making career changes and managing personal affairs: The author provides a list of websites and organizations that offer advice and tools for resigning from a job, managing retirement accounts, finding health insurance, and embracing a mobile lifestyle.', '', 'These key ideas convey the importance of being able to quit and make good decisions, setting clear boundaries and goals, overcoming fear and evaluating options, learning from mistakes, and utilizing resources and tools for career changes and personal affairs.']"
166,"['The key ideas presented in the text are as follows:', '', ""1. The concept of mini-retirements: The author suggests taking extended periods of time off from work to travel and explore the world. This allows for a break from the routine, the opportunity to indulge in new experiences, and a chance to reset and reflect on one's life. The author emphasizes the importance of planning, preparation, and eliminating unnecessary possessions and clutter before embarking on a mini-retirement."", '', '2. The parable of the American businessman and the Mexican fisherman: The author shares a parable about an American businessman who advises a Mexican fisherman to work hard for many years to achieve financial success, only to ultimately retire and return to a simple and fulfilling life similar to the one he had before. The story highlights the idea that the pursuit of wealth and success may not always lead to happiness and fulfillment, and that simplicity and contentment can be found in the present moment.', '', '3. Overcoming fears and excuses: The author addresses common fears and excuses that people may have about extended travel, such as concerns about their careers, finances, safety, and family responsibilities. The author offers solutions and reassurance, encouraging readers to challenge these fears and pursue their dreams of travel.', '', '4. Practical tips and resources: The text provides various resources and tools for planning and preparing for extended travel, including websites for finding accommodations, booking flights, learning languages, and connecting with other travelers. The author also offers advice on minimizing possessions, managing finances, and finding work or volunteer opportunities abroad.', '', '5. The benefits of extended travel: The author highlights the benefits of extended travel, including personal growth, cultural immersion, and the opportunity to challenge oneself and gain new perspectives. The text suggests that extended travel can lead to increased happiness, freedom, and a deeper appreciation for life.', '', ""Overall, the key ideas presented in the text revolve around the concept of taking extended periods of time off from work to travel and explore the world. The author emphasizes the importance of planning, preparation, and simplifying one's life before embarking on a mini-retirement. The text also addresses common fears and excuses about extended travel and provides practical tips, resources, and stories to inspire and guide readers in pursuing their own travel adventures.""]"
194,"['The key ideas presented in the text are:', '', '1. Having too much idle time can lead to an absence of meaning or purpose and result in unfulfillment and neuroticism, even for those who are retired and wealthy. The author emphasizes the importance of utilizing time in a meaningful and fulfilling way rather than just removing negative aspects from life.', '', '2. Retiring or taking a break from work can be both unforgettable and daunting. It is common for self-criticism and existential panic to arise during this period. The author suggests that high-performers may find it challenging to replace their perception of time scarcity with appreciation for abundance.', '', '3. Social isolation can lead to depression among retirees and those taking a break from work. The author emphasizes the need to create new connections and communities when old ones disappear.', '', '4. The big questions about life and purpose become harder to ignore when there is no longer a 9-5 routine to distract from them. The author encourages readers to find a focus or ambitious goal that forces them to grow and helps them overcome doubts and existential challenges.', '', ""5. The author advises against wasting time on unanswerable questions without clear definitions or actionable solutions. Instead, they suggest focusing on goals that can be acted upon to improve one's life and the lives of others."", '', '6. The importance of continual learning and service is emphasized as fundamental components of a fulfilling life. The author encourages readers to explore their interests, experiment, build relationships with like-minded individuals, and take action on what resonates with them.', '', ""7. The author acknowledges that finding what to do with one's life is a personal and ongoing process of exploration, discovery, and experimentation. They encourage readers to trust themselves, follow their hearts, and enjoy the journey."", '', '8. The author highlights the common mistakes made in lifestyle design, such as losing sight of dreams, micromanaging, handling problems that others can handle, and chasing unqualified customers. They advise against striving for perfection and encourage focusing on being great at a few things and good enough for the rest.', '', 'Overall, the key ideas in the text revolve around the significance of utilizing time in a meaningful and fulfilling way, overcoming doubts and existential challenges, creating connections and communities, and embracing continual learning and service for a fulfilling life.']"
205,"['1. Create Meaning in Life: The author emphasizes the importance of finding meaning in life beyond solely focusing on financial success. They encourage individuals to fulfill their dreams and seek work that provides purpose and self-worth. The significance of this idea lies in the fact that finding meaning in life can lead to a more fulfilling and satisfying existence.', '', '2. Embrace Change and Variety: The author suggests that one should not view a single product, job, or project as the sole purpose of their existence. Instead, they advocate for seeing each endeavor as a stepping stone to the next adventure or project. The implication here is that life is dynamic and constantly changing, and it is essential to embrace new opportunities and experiences to grow personally and professionally.', '', '3. Value Social Connections: The author emphasizes the importance of maintaining a healthy social life and nurturing relationships. They highlight the significance of having a support system of friends and loved ones who can provide emotional support and companionship. The implication is that meaningful relationships and connections contribute to a fulfilling life and should not be neglected or sacrificed for the sake of work.', '', ""4. Reflect on Mortality: The author references a quote from Steve Jobs, highlighting the awareness of one's mortality as a means to avoid getting caught up in external expectations and fears. Reflecting on the limited time we have can help prioritize what truly matters and eliminate distractions or fears of failure. The significance here is that contemplating our mortality can inspire us to live with intention and focus on what truly brings us joy and fulfillment."", '', '5. Slow Down and Enjoy Life: The author shares a poem that urges individuals to slow down and appreciate the present moment. They emphasize the importance of not rushing through life and missing out on the simple joys and experiences it has to offer. The implication is that life is not a race, and taking the time to appreciate the little moments can lead to a more meaningful and enjoyable existence.', '', ""Overall, the key ideas presented in this text revolve around finding purpose and meaning in life, embracing change and variety, valuing relationships and social connections, reflecting on mortality to prioritize what truly matters, and slowing down to savor life's experiences. These ideas encourage individuals to live intentionally and foster a sense of fulfillment and happiness.""]"
